{
    "0": {
        "lane": 3,
        "distance": 62.91136198234517,
        "speed": [
            33.604519466262914,
            34.09388845831578,
            35.21433505791651,
            36.14811405299149,
            35.65947511305328,
            36.13451932181608,
            36.05884071766723,
            36.00723129177045,
            36.212530542739636,
            36.284552328320075,
            37.01168908180156,
            37.39220794437506,
            37.453045452621474,
            37.67497706899419,
            37.84181423268132,
            38.588853769260126,
            38.48627463737723,
            38.64280848820268,
            38.21576061855182,
            36.93926571063478
        ]
    },
    "1": {
        "lane": 3,
        "distance": -33.545978633947,
        "speed": [
            32.02530895613682,
            32.352118253857,
            33.486995565850805,
            32.759812728551424,
            32.78269198720215,
            32.68910006218923,
            33.45548966936846,
            34.1901690543186,
            34.26764276716706,
            34.456724026968146,
            34.01283115315309,
            33.02243291904112,
            32.84847684437805,
            32.926651328930035,
            33.541796669293895,
            34.1429865936861,
            33.94932318498213,
            33.79817180969446,
            33.273895327160915,
            32.56388635857143
        ]
    },
    "2": {
        "lane": 2,
        "distance": 46.31609080773922,
        "speed": [
            29.36165769560522,
            29.106831604729393,
            28.8877944539238,
            28.261396773898838,
            28.650141951814792,
            27.843193028035817,
            27.73682288792883,
            27.28908960733199,
            27.482540856261622,
            27.227138287477185,
            26.63682219541598,
            26.622731081246652,
            26.836897016511863,
            26.870155627703447,
            27.021391576573336,
            26.704230529732854,
            26.522859946739285,
            26.186629722851308,
            26.006853142081038,
            25.60028000105881
        ]
    },
    "3": {
        "lane": 2,
        "distance": -38.45167283779881,
        "speed": [
            27.95596526763551,
            27.09282396646967,
            26.277724792986646,
            26.509115920749533,
            26.05546673855791,
            26.08143943645598,
            26.44598471754475,
            26.510476172923454,
            27.080176515195106,
            26.462763605018278,
            26.663934425607053,
            26.321529380136898,
            25.886130805545957,
            25.59670597316375,
            25.440929707100064,
            25.469012378214938,
            24.88643745782326,
            25.336850701300353,
            25.569681921165582,
            24.80156007802697
        ]
    },
    "4": {
        "lane": 1,
        "distance": 54.335114347452404,
        "speed": [
            25.51134406262133,
            26.100733848201155,
            26.01077143029498,
            25.47539511953971,
            26.002620983005276,
            25.801032509518684,
            26.412255044709898,
            26.516392533748327,
            27.004712051990182,
            27.182895250577385,
            27.53618183467336,
            27.54143184503377,
            28.434367091986687,
            28.497823138338497,
            28.698817820060846,
            29.64039316858897,
            28.966513638017748,
            28.33127113877488,
            28.815969492853885,
            28.229407790296804
        ]
    },
    "5": {
        "lane": 1,
        "distance": -62.10306044263815,
        "speed": [
            22.974855912346943,
            23.94666650517159,
            24.90813751841178,
            25.648394914128993,
            26.582174394342278,
            27.03519672347997,
            26.604583880952617,
            27.559616357502133,
            27.42561467202644,
            27.82684286992464,
            28.300468853811513,
            28.222963807266094,
            28.530003492439135,
            28.9911068282224,
            29.179319593800216,
            28.62961919850812,
            28.778738285611148,
            29.441931233954662,
            29.09464730408898,
            29.019830033925146
        ]
    }
}
