{
    "0": {
        "0": {
            "lane": 3,
            "distance": 62.91136198234517,
            "speed": 33.604519466262914
        },
        "1": {
            "lane": 3,
            "distance": -24.464201702440334,
            "speed": 33.71135867274407
        },
        "2": {
            "lane": 2,
            "distance": 66.454021366053,
            "speed": 28.512654478068406
        },
        "3": {
            "lane": 2,
            "distance": -76.38647170224381,
            "speed": 29.715642210909067
        },
        "4": {
            "lane": 1,
            "distance": 26.122688644881684,
            "speed": 27.71318798921792
        },
        "5": {
            "lane": 1,
            "distance": -74.17392345241632,
            "speed": 26.783295721377417
        }
    },
    "1": {
        "0": {
            "lane": 3,
            "distance": 62.91136198234517,
            "speed": 34.09388845831578
        },
        "1": {
            "lane": 3,
            "distance": -24.464201702440334,
            "speed": 34.43849542622556
        },
        "2": {
            "lane": 2,
            "distance": 66.454021366053,
            "speed": 29.64753179006221
        },
        "3": {
            "lane": 2,
            "distance": -76.38647170224381,
            "speed": 28.725243976797103
        },
        "4": {
            "lane": 1,
            "distance": 26.122688644881684,
            "speed": 27.458361898342094
        },
        "5": {
            "lane": 1,
            "distance": -74.17392345241632,
            "speed": 26.192979629316213
        }
    },
    "2": {
        "0": {
            "lane": 3,
            "distance": 62.91136198234517,
            "speed": 35.21433505791651
        },
        "1": {
            "lane": 3,
            "distance": -24.464201702440334,
            "speed": 34.66042704259827
        },
        "2": {
            "lane": 2,
            "distance": 66.454021366053,
            "speed": 28.92034895276283
        },
        "3": {
            "lane": 2,
            "distance": -76.38647170224381,
            "speed": 29.340389317160962
        },
        "4": {
            "lane": 1,
            "distance": 26.122688644881684,
            "speed": 27.2393247475365
        },
        "5": {
            "lane": 1,
            "distance": -74.17392345241632,
            "speed": 26.178888515146884
        }
    },
    "3": {
        "0": {
            "lane": 3,
            "distance": 62.91136198234517,
            "speed": 36.14811405299149
        },
        "1": {
            "lane": 3,
            "distance": -24.464201702440334,
            "speed": 34.827264206285406
        },
        "2": {
            "lane": 2,
            "distance": 66.454021366053,
            "speed": 28.94322821141355
        },
        "3": {
            "lane": 2,
            "distance": -76.38647170224381,
            "speed": 29.941579241553168
        },
        "4": {
            "lane": 1,
            "distance": 26.122688644881684,
            "speed": 26.61292706751154
        },
        "5": {
            "lane": 1,
            "distance": -74.17392345241632,
            "speed": 26.393054450412095
        }
    },
    "4": {
        "0": {
            "lane": 3,
            "distance": 62.91136198234517,
            "speed": 35.65947511305328
        },
        "1": {
            "lane": 3,
            "distance": -24.464201702440334,
            "speed": 35.57430374286421
        },
        "2": {
            "lane": 2,
            "distance": 66.454021366053,
            "speed": 28.849636286400635
        },
        "3": {
            "lane": 2,
            "distance": -76.38647170224381,
            "speed": 29.74791583284919
        },
        "4": {
            "lane": 1,
            "distance": 26.122688644881684,
            "speed": 27.001672245427493
        },
        "5": {
            "lane": 1,
            "distance": -74.17392345241632,
            "speed": 26.42631306160368
        }
    },
    "5": {
        "0": {
            "lane": 3,
            "distance": 62.91136198234517,
            "speed": 36.13451932181608
        },
        "1": {
            "lane": 3,
            "distance": -24.464201702440334,
            "speed": 35.47172461098131
        },
        "2": {
            "lane": 2,
            "distance": 66.454021366053,
            "speed": 29.616025893579863
        },
        "3": {
            "lane": 2,
            "distance": -76.38647170224381,
            "speed": 29.596764457561523
        },
        "4": {
            "lane": 1,
            "distance": 26.122688644881684,
            "speed": 26.194723321648517
        },
        "5": {
            "lane": 1,
            "distance": -74.17392345241632,
            "speed": 26.577549010473568
        }
    },
    "6": {
        "0": {
            "lane": 3,
            "distance": 62.91136198234517,
            "speed": 36.05884071766723
        },
        "1": {
            "lane": 3,
            "distance": -24.464201702440334,
            "speed": 35.628258461806766
        },
        "2": {
            "lane": 2,
            "distance": 66.454021366053,
            "speed": 30.350705278530004
        },
        "3": {
            "lane": 2,
            "distance": -76.38647170224381,
            "speed": 29.072487975027975
        },
        "4": {
            "lane": 1,
            "distance": 26.122688644881684,
            "speed": 26.08835318154153
        },
        "5": {
            "lane": 1,
            "distance": -74.17392345241632,
            "speed": 26.260387963633086
        }
    },
    "7": {
        "0": {
            "lane": 3,
            "distance": 62.91136198234517,
            "speed": 36.00723129177045
        },
        "1": {
            "lane": 3,
            "distance": -24.464201702440334,
            "speed": 35.2012105921559
        },
        "2": {
            "lane": 2,
            "distance": 66.454021366053,
            "speed": 30.428178991378463
        },
        "3": {
            "lane": 2,
            "distance": -76.38647170224381,
            "speed": 28.362479006438488
        },
        "4": {
            "lane": 1,
            "distance": 26.122688644881684,
            "speed": 25.640619900944692
        },
        "5": {
            "lane": 1,
            "distance": -74.17392345241632,
            "speed": 26.079017380639517
        }
    },
    "8": {
        "0": {
            "lane": 3,
            "distance": 62.91136198234517,
            "speed": 36.212530542739636
        },
        "1": {
            "lane": 3,
            "distance": -24.464201702440334,
            "speed": 33.92471568423886
        },
        "2": {
            "lane": 2,
            "distance": 66.454021366053,
            "speed": 30.617260251179548
        },
        "3": {
            "lane": 2,
            "distance": -76.38647170224381,
            "speed": 27.50934391112598
        },
        "4": {
            "lane": 1,
            "distance": 26.122688644881684,
            "speed": 25.834071149874323
        },
        "5": {
            "lane": 1,
            "distance": -74.17392345241632,
            "speed": 25.74278715675154
        }
    },
    "9": {
        "0": {
            "lane": 3,
            "distance": 62.91136198234517,
            "speed": 36.284552328320075
        },
        "1": {
            "lane": 3,
            "distance": -24.464201702440334,
            "speed": 34.251524981959044
        },
        "2": {
            "lane": 2,
            "distance": 66.454021366053,
            "speed": 30.173367377364492
        },
        "3": {
            "lane": 2,
            "distance": -76.38647170224381,
            "speed": 28.484731608741875
        },
        "4": {
            "lane": 1,
            "distance": 26.122688644881684,
            "speed": 25.578668581089886
        },
        "5": {
            "lane": 1,